时间,链接
2025-09-27 01:16:45,https://lingyun048.lofter.com/post/1f9d4f99_2bfae52d9
2025-09-27 00:35:16,https://lisa919161.lofter.com/post/7500c745_2bfadd94d
2025-09-27 00:22:22,https://xinjinjumin726498416415.lofter.com/post/7f196f38_2bfadfe63
2025-09-27 00:08:52,https://taxuewuhen26848.lofter.com/post/4cbd9dba_2bfae20b3
2025-09-26 23:43:55,https://yuelingci.lofter.com/post/31db6683_2bfadd86a
2025-09-26 23:52:53,https://yumiya01661.lofter.com/post/4b9f7ada_2bfadc123
2025-09-26 23:47:07,https://yueguang82302.lofter.com/post/76594f21_2bfaddf4c
2025-09-26 23:34:49,https://zhiyangshigezi.lofter.com/post/4b3c15d8_2bfadf9d4
2025-09-26 23:23:35,https://qiezijiangyu.lofter.com/post/73c50e08_2bfaddaf9
2025-09-26 23:17:21,https://funkypicassopainting.lofter.com/post/7530b6c0_2bfadd3d0
2025-09-26 23:05:14,https://xinjinjumin683772523445.lofter.com/post/8ca0c71c_2bfadbcc3
2025-09-26 22:42:16,https://aurorafeifei.lofter.com/post/7e20b583_2bfadbfee
2025-09-26 22:41:52,https://chaoshichengxiaoxi.lofter.com/post/7bcbbc03_2bfaded8d
2025-09-26 22:30:56,https://xiangrikui66830.lofter.com/post/7bd7e9cb_2bfad8e7e
2025-09-26 22:26:26,https://bonian309.lofter.com/post/1f9d6650_2bfad82cc
2025-09-26 22:00:16,https://jiayuan96265.lofter.com/post/783ebe7b_2bfadce83
2025-09-26 21:10:52,https://zhiyangshigezi.lofter.com/post/4b3c15d8_2bfad9974
2025-09-26 21:06:14,https://songxing60217.lofter.com/post/74b1285b_2bfadc23f
2025-09-26 20:28:29,https://chenmoxiluo.lofter.com/post/1f441a11_2bfad6756
2025-09-26 20:16:55,https://shijiezonggonglilian.lofter.com/post/1eef3ec0_2bfad7cbd
2025-09-26 20:01:31,https://fuan245307.lofter.com/post/86b4b060_2bfad3875
2025-09-26 00:11:47,https://xixigugule.lofter.com/post/74eaae19_2bfacb48a
2025-09-26 19:35:50,https://xingmi31467.lofter.com/post/31378a3c_2bfad9f16
2025-09-26 19:06:16,https://2837588461.lofter.com/post/7cc4891c_2bfad4753
2025-09-26 19:06:02,https://banchengfanhuabanchengxue.lofter.com/post/4c24260c_2bfad5a98
2025-09-26 18:53:44,https://xinjinjumin767272231839.lofter.com/post/7c4deffc_2bfad7868
2025-09-26 18:40:29,https://zuizuizuikeaidetiantiannananana.lofter.com/post/1fe0f788_2bfad24f1
2025-09-26 18:05:19,https://maoqi37803.lofter.com/post/4c1f0810_2bfacf2ab
2025-09-26 16:57:50,https://veraovo.lofter.com/post/1d77ef1d_2bfad3304
2025-09-26 16:47:42,https://xinjinjumin708520651517.lofter.com/post/8c3a3e9e_2bfad36a1
2025-09-26 15:47:03,https://guiyingmizongzhu.lofter.com/post/73c370cb_2bfad23a1
2025-09-26 15:37:57,https://jinghonglone.lofter.com/post/31caee1b_2bfacfd49
2025-09-26 15:36:11,https://xinjinjumin4304299.lofter.com/post/75325dd3_2bfad3239
2025-09-26 15:13:17,https://noah758894.lofter.com/post/4c40f7e3_2bfad012a
2025-09-26 15:06:41,https://lanningzhiqiublue.lofter.com/post/1f803103_2bfad1090
2025-09-26 15:01:40,https://jijijiaxuefuren.lofter.com/post/1ffbb6a3_2bfad1826
2025-09-26 14:59:33,https://ulna6.lofter.com/post/1ee45fdf_2bfad1081
2025-09-26 12:50:01,https://moneacross.lofter.com/post/74704d53_2bfacde52
2025-09-26 12:37:03,https://loser52284.lofter.com/post/4be2ce38_2bfaca0cb
2025-09-26 12:24:49,https://qingrangshoujigenwojiehun.lofter.com/post/4c246479_2bface5bf
2025-09-26 11:21:54,https://duzihaoe80269.lofter.com/post/7ba08737_2bfad1658
2025-09-26 11:10:42,https://3968555367.lofter.com/post/4b944312_2bfacd1ef
2025-09-26 02:35:35,https://baiebing.lofter.com/post/770091f4_2bface364
2025-09-26 00:16:15,https://luokeke710.lofter.com/post/1f1e20b2_2bfac7cec
2025-09-26 01:02:24,https://liquor09257.lofter.com/post/75c6578e_2bfac7cb3
2025-09-26 00:42:22,https://luhuai2939.lofter.com/post/305c3b_2bfacc435
2025-09-26 00:13:58,https://zhongyi915.lofter.com/post/30b3a29d_2bfac8f39
2025-09-25 23:53:20,https://elixnainp.lofter.com/post/7fefc310_2bfac9650
2025-09-25 23:36:34,https://chenmoxiluo.lofter.com/post/1f441a11_2bfac6889
2025-09-25 23:31:08,https://xinjinjumin186549536845.lofter.com/post/8d508ec2_2bfac6873
2025-09-25 22:52:13,https://wangyanqiran.lofter.com/post/4b4880f6_2bfac5161
2025-09-25 22:28:44,https://te3ars.lofter.com/post/8cd4722d_2bfac454e
2025-09-25 22:13:31,https://xinjinjumin3641179.lofter.com/post/79317ae7_2bfac48a4
2025-09-25 22:00:19,https://dengxiaoyu25842.lofter.com/post/4d030bb6_2bfac5bf9
2025-09-25 21:37:55,https://msyanmin.lofter.com/post/1fec594e_2bfac546b
2025-09-25 21:36:39,https://msyanmin.lofter.com/post/1fec594e_2bfac31db
2025-09-24 19:59:14,https://lili888467.lofter.com/post/741bcc2f_2bfaa8535
2025-09-25 19:35:45,https://wanroubaobei.lofter.com/post/73d53579_2bfac0698
2025-09-25 17:35:58,https://xy0416xh.lofter.com/post/74d416b4_2bfac0d55
2025-09-25 19:21:20,https://fydlhkly.lofter.com/post/1e6c173d_2bfabe493
2025-09-25 19:17:59,https://luyou14987.lofter.com/post/8bb46f40_2bfac2493
2025-09-25 17:48:04,https://yizhanyu.lofter.com/post/31ed096b_2bfabe3b6
2025-09-25 17:31:59,https://xueximiantan.lofter.com/post/4cc8d5d1_2bfabdb96
2025-09-25 17:13:50,https://yokestay.lofter.com/post/317a7b45_2bfabd43b
2025-09-25 16:46:09,https://seven63542.lofter.com/post/75119444_2bfabadfd
2025-09-25 16:40:59,https://fuan245307.lofter.com/post/86b4b060_2bfabd403
2025-09-25 16:50:05,https://imliangxiangdaren.lofter.com/post/1fd2009b_2bfabf5f5
2025-09-25 16:11:25,https://eiffelmoslet.lofter.com/post/20097ba5_2bfaba673
2025-09-25 15:52:12,https://xinjinjumin043732567575.lofter.com/post/8b9b8b2f_2bfabd014
2025-09-25 15:38:47,https://jinghonglone.lofter.com/post/31caee1b_2bfaba92a
2025-09-25 15:20:39,https://jinghonglone.lofter.com/post/31caee1b_2bfac04cd
2025-09-25 15:15:48,https://ciqiuzi.lofter.com/post/1f389e85_2bfab839b
2025-09-25 14:46:01,https://zhangjingxuan31368.lofter.com/post/4c5eeb9d_2bfaba5db
2025-09-25 14:23:09,https://zhaowanchen69880.lofter.com/post/763b2df3_2bfaba8e2
2025-09-25 13:42:13,https://duzihaoe80269.lofter.com/post/7ba08737_2bfaba589
2025-09-25 12:42:15,https://xinjinjumin000340406546.lofter.com/post/8c69d4a6_2bfab8aa3
2025-09-25 11:40:53,https://muzizi606.lofter.com/post/1f077725_2bfab8251
2025-09-24 23:07:55,https://xinjinjumin000340406546.lofter.com/post/8c69d4a6_2bfab1b95
2025-09-25 11:35:42,https://50559124.lofter.com/post/1feab21f_2bfab63a6
2025-09-25 10:47:42,https://pud030712.lofter.com/post/7670de44_2bfab98e5
2025-09-25 10:40:46,https://xinjinjumin7453202.lofter.com/post/764e31a6_2bfab491d
2025-09-25 08:53:02,https://nichenyeye.lofter.com/post/31269f85_2bfab448d
2025-09-25 08:40:05,https://lingyinrin73313.lofter.com/post/76e07872_2bfab486f
2025-09-25 03:00:09,https://taiyoushilile87034.lofter.com/post/7bd2cbee_2bfab28f7
2025-09-25 06:25:36,https://kuailedeyu886.lofter.com/post/1fc3918f_2bfab1a53
2025-09-25 05:57:57,https://xinjinjumin5990126.lofter.com/post/7779188c_2bfab93de
2025-09-25 02:02:53,https://jiayuan96265.lofter.com/post/783ebe7b_2bfab8827
2025-09-25 01:40:16,https://suyu6969.lofter.com/post/1f9cbab9_2bfab8037
2025-09-25 01:34:12,https://yuzishao27538.lofter.com/post/77fcb9dc_2bfab4fad
2025-09-25 01:21:31,https://jinpingguo42420.lofter.com/post/83dc3bea_2bfab0295
2025-09-25 01:20:21,https://jinpingguo42420.lofter.com/post/83dc3bea_2bfab0e46
2025-09-25 00:38:07,https://xiaoquanqibing.lofter.com/post/8d5d6ba8_2bfab3420
2025-09-25 00:58:51,https://poxiaozhiyu.lofter.com/post/4ca3d9c2_2bfab4a97
2025-09-25 01:02:27,https://shiitakesan.lofter.com/post/74ac25fc_2bfab789e
2025-09-25 00:52:40,https://juewangmaomaotou54956.lofter.com/post/768505b3_2bfab4a8b
2025-09-25 00:45:39,https://duniangziordm.lofter.com/post/1f36b9f7_2bfab285a
2025-09-25 00:44:54,https://aijiangweibubao.lofter.com/post/83eb3b71_2bfab4a7f
2025-09-25 00:29:37,https://dufengzhou30864.lofter.com/post/8257603f_2bfab6157
2025-09-25 00:36:22,https://deng895597.lofter.com/post/74d2a882_2bfab4710
2025-09-25 00:37:08,https://rayandsirelia.lofter.com/post/30c0a028_2bfab0ddb
2025-09-25 00:19:49,https://xinjinjumin6343170.lofter.com/post/7a5b8daa_2bfab09f2
2025-09-25 00:19:20,https://wanderer-42.lofter.com/post/75fe99d0_2bfab7834
2025-09-25 00:01:16,https://shijimobianhuacongzhongdesizhijiejie254.lofter.com/post/30b67b42_2bfab11ac
2025-09-24 23:47:33,https://jiazhuangshaonu23619.lofter.com/post/31d174a0_2bfab335f
2025-09-24 23:30:46,https://xixigugule.lofter.com/post/74eaae19_2bfab51a6
2025-09-24 23:22:47,https://jiayuan96265.lofter.com/post/783ebe7b_2bfab3e5d
2025-09-24 23:12:03,https://kekeya16859.lofter.com/post/74664e09_2bfab3aa6
2025-09-24 22:41:52,https://shuiye30613.lofter.com/post/8d1d0a49_2bfaadeb2
2025-09-24 22:31:33,https://yinling744.lofter.com/post/1f353ce2_2bfaae629
2025-09-24 22:16:52,https://yizhanyu.lofter.com/post/31ed096b_2bfab1aad
2025-09-24 22:15:51,https://xinjinjumin180440169221.lofter.com/post/857565fe_2bfab07f2
2025-09-24 21:29:08,https://kamier91535.lofter.com/post/31e62185_2bfaafc3f
2025-09-24 21:11:44,https://xinjinjumin204090151161.lofter.com/post/896a9b80_2bfaaf7c1
2025-09-24 18:58:41,https://qiezijiangyu.lofter.com/post/73c50e08_2bfaa5aa6
2025-09-24 18:42:42,https://baiebing.lofter.com/post/770091f4_2bfaaa6b1
2025-09-24 18:26:56,https://wangbeiqialanmei.lofter.com/post/311dccc2_2bfaa8c73
2025-09-24 18:25:13,https://shadiaoqingnianhuanle.lofter.com/post/31abdad3_2bfaa5a53
